-- MySQL Administrator dump 1.4
--
-- ------------------------------------------------------
-- Server version	5.7.15-log


/*!40101 SET @OLD_CHARACTER_SET_CLIENT=@@CHARACTER_SET_CLIENT */;
/*!40101 SET @OLD_CHARACTER_SET_RESULTS=@@CHARACTER_SET_RESULTS */;
/*!40101 SET @OLD_COLLATION_CONNECTION=@@COLLATION_CONNECTION */;
/*!40101 SET NAMES utf8 */;

/*!40014 SET @OLD_UNIQUE_CHECKS=@@UNIQUE_CHECKS, UNIQUE_CHECKS=0 */;
/*!40014 SET @OLD_FOREIGN_KEY_CHECKS=@@FOREIGN_KEY_CHECKS, FOREIGN_KEY_CHECKS=0 */;
/*!40101 SET @OLD_SQL_MODE=@@SQL_MODE, SQL_MODE='NO_AUTO_VALUE_ON_ZERO' */;


--
-- Create schema computercooking
--

CREATE DATABASE IF NOT EXISTS computercooking;
USE computercooking;

--
-- Definition of table `ingredients`
--

DROP TABLE IF EXISTS `ingredients`;
CREATE TABLE `ingredients` (
  `ingId` int(11) NOT NULL,
  `name` varchar(50) NOT NULL,
  `baseName` varchar(50) DEFAULT NULL,
  PRIMARY KEY (`ingId`)
) ENGINE=InnoDB DEFAULT CHARSET=utf8;

--
-- Dumping data for table `ingredients`
--

/*!40000 ALTER TABLE `ingredients` DISABLE KEYS */;
INSERT INTO `ingredients` (`ingId`,`name`,`baseName`) VALUES 
 (201,'white rum','rum'),
 (202,'cane syrup','syrup'),
 (203,'lime',NULL),
 (204,'lemonade','juice'),
 (205,'blue curacao',NULL),
 (206,'passion fruit syrup','syrup'),
 (207,'lemon juice','juice'),
 (208,'ice cube','ice'),
 (209,'cucumbers',NULL),
 (210,'lemon',NULL),
 (211,'sugar','sugar'),
 (212,'raspberry','berry'),
 (213,'cane sugar','sugar'),
 (214,'kirsch',NULL),
 (215,'crémant',NULL),
 (216,'orange juice','juice'),
 (217,'cointreau',NULL),
 (218,'cognac',NULL),
 (219,'grenadine',NULL),
 (220,'champagne',NULL),
 (221,'pineapple juice','juice'),
 (222,'coconut',NULL),
 (223,'sour cream',NULL),
 (224,'tabasco sauce',NULL),
 (225,'vodka',NULL),
 (226,'martini',NULL),
 (227,'citrus fruit',NULL),
 (228,'strawberry','berry'),
 (229,'lime juice','juice'),
 (230,'noilly_prat',NULL),
 (231,'apricot juice','juice'),
 (232,'whiskey',NULL),
 (233,'creme de cassis',NULL),
 (234,'benedictine',NULL),
 (235,'pastis',NULL),
 (236,'rum','rum'),
 (237,'apple juice','juice'),
 (238,'wasabi',NULL),
 (239,'kiwi fruit',NULL),
 (240,'cranberry juice','juice'),
 (241,'malibu rum','rum'),
 (242,'light whipping cream',NULL),
 (243,'dry white wine','wine'),
 (244,'orange',NULL),
 (245,'sparkling water',NULL),
 (246,'porto',NULL),
 (247,'egg',NULL),
 (248,'cinnamon',NULL),
 (249,'nutmeg',NULL),
 (250,'cane sugar syrup','syrup'),
 (251,'mangalore',NULL),
 (252,'apricot',NULL),
 (253,'banana juice','juice'),
 (254,'manguo juice','juice'),
 (255,'passion fruit juice','juice'),
 (256,'gin',NULL),
 (257,'hard cider',NULL),
 (258,'dark rum','rum'),
 (259,'rice milk','ice'),
 (260,'ice cream','ice'),
 (261,'coconut milk',NULL),
 (262,'tamarin juice','juice'),
 (263,'coffee',NULL),
 (264,'apple cider',NULL),
 (265,'white martini',NULL),
 (266,'angostura bitter',NULL),
 (267,'grapefruit juice','juice'),
 (268,'brown sugar','sugar'),
 (269,'anise basil',NULL),
 (270,'apricot liqueur','liqueur'),
 (271,'apple liqueur','liqueur'),
 (272,'pear juice','juice'),
 (273,'currant syrup','syrup'),
 (274,'lemongrass',NULL),
 (275,'ginger',NULL),
 (276,'pisang ambon',NULL),
 (277,'cava',NULL),
 (278,'lime zest',NULL),
 (279,'prosecco',NULL),
 (280,'soda water',NULL),
 (281,'blood orange',NULL),
 (282,'amber rum','rum'),
 (283,'lemon liqueur','liqueur'),
 (284,'mint',NULL),
 (285,'sparkling wine','wine'),
 (286,'campari',NULL),
 (287,'soft drink',NULL),
 (288,'pineapple',NULL),
 (289,'apple',NULL),
 (290,'powdered sugar','sugar'),
 (291,'vermouth',NULL),
 (292,'multivitamin juice','juice'),
 (293,'creme de cafe',NULL),
 (294,'whole milk',NULL),
 (295,'tequila',NULL),
 (296,'triple sec',NULL),
 (297,'salt',NULL),
 (298,'currant',NULL),
 (299,'grapefruit',NULL),
 (300,'coriander',NULL),
 (301,'pistachio nut',NULL),
 (302,'banana',NULL),
 (303,'water',NULL),
 (304,'vanilla sugar','sugar'),
 (305,'lemon zest',NULL),
 (306,'tomato juice','juice'),
 (307,'worcestershire sauce',NULL),
 (308,'celery salt',NULL),
 (309,'pepper',NULL),
 (310,'white wine','wine'),
 (311,'noilly prat',NULL),
 (312,'cherry juice','juice'),
 (313,'plum brandy',NULL),
 (314,'sangria syrup','syrup'),
 (315,'grape juice','juice'),
 (316,'fruit',NULL),
 (317,'red martini',NULL),
 (318,'sparkling mineral water',NULL),
 (319,'litchi','fruit'),
 (320,'litchi juice','juice'),
 (321,'berry juice','juice'),
 (322,'litchi liqueur','fruit'),
 (323,'lemon slice','ice'),
 (324,'rice wine','wine'),
 (325,'mint syrup','syrup'),
 (326,'lemon syrup','syrup'),
 (327,'orange syrup','syrup'),
 (328,'grand marnier',NULL),
 (329,'calvados',NULL),
 (330,'blackcurrant',NULL),
 (331,'cachaça',NULL),
 (332,'granulated sugar','sugar'),
 (333,'melon',NULL),
 (334,'juice','juice'),
 (335,'orgeat',NULL),
 (336,'strawberry juice','juice'),
 (337,'fruit syrup','syrup'),
 (338,'liqueur','liqueur'),
 (339,'pear',NULL),
 (340,'cherry',NULL),
 (341,'guava juice','juice'),
 (342,'brown_sugar','sugar'),
 (343,'coffee liqueur','liqueur'),
 (344,'kumquat','fruit'),
 (345,'clementine orange',NULL),
 (346,'strawberry syrup','syrup'),
 (347,'schweppes',NULL),
 (348,'berry','berry'),
 (349,'pear liqueur','liqueur'),
 (350,'peach juice','juice'),
 (351,'blush wine','wine'),
 (352,'get_27',NULL),
 (353,'beer','beer'),
 (354,'stout','beer'),
 (355,'coca-cola',NULL),
 (356,'peach syrup','syrup'),
 (357,'crushed ice','ice');
/*!40000 ALTER TABLE `ingredients` ENABLE KEYS */;


--
-- Definition of table `recipe`
--

DROP TABLE IF EXISTS `recipe`;
CREATE TABLE `recipe` (
  `recipeId` int(11) NOT NULL,
  `title` varchar(250) NOT NULL,
  `preparation` varchar(1500) NOT NULL,
  PRIMARY KEY (`recipeId`)
) ENGINE=InnoDB DEFAULT CHARSET=utf8;

--
-- Dumping data for table `recipe`
--

/*!40000 ALTER TABLE `recipe` DISABLE KEYS */;
INSERT INTO `recipe` (`recipeId`,`title`,`preparation`) VALUES 
 (101,'Ti\'punch','Step - 1 : Wash a lime, remove top and bottom, and thinly slice into half rings. Add lime pieces to glass and crush with the flat end of a barspoon.\nStep - 2 : Add rum and cane syrup, top with broken ice, and muddle together. Add a short straw, and serve.\n'),
 (102,'Exotic Cocktail passion fruit','Step - 1 : In a shaker, combine syrup curacao syrup, passion fruit and lemon juice.\nStep - 2 : Shake well and pour the mixture into a container.\nStep - 3 : Stir liter of lemonade and mix well.\nStep - 4 : Add 5 ice cubes and serve.\n'),
 (103,'Builder','Step - 1 : Mix a cucumber in a centrifuge, put the lemon juice, the sugar and the icebergs.\nStep - 2 : Serve in a glass decorated of a lemon slice\n'),
 (104,'Raspberry cocktail','Step - 1 : The day before: put the raspberries, lemon slices, 3 glasses of cane sugar syrup, kirsch and half lemonade in a large container and marinate in the fridge.\nStep - 2 : Put the rest of lemonade and bottles of sparkling wine in the fridge.\nStep - 3 : Just before serving:\nStep - 4 : Added to the preparation the day before the rest of lemonade and bottles of Crémant. Taste and add sugar cane if necessary because certain sound more bitter than other crémants.\n'),
 (105,'Cocktail for lovers','Step - 1 : Mix all ingredients (in advance if possible put in the fridge) with a spoon or shaker.\nStep - 2 : Add just before serving raspberries (so they keep their consistency) or one hour before if you require well soaked.\n'),
 (106,'Coconut kiss','Step - 1 : Mix juices, syrups and sour cream in a shaker.\nStep - 2 : Serve in a glass with an ananas slice and a piece of orange\n'),
 (107,'Shot spice','Step - 1 : In a small glass (about 4 cm in diameter and 5 cm high), add 3 mm grenadine syrup.\nStep - 2 : Add 4-6 drops of tabasco, then slowly pour 2-3 cm vodka (cold, preferably), not to mix the ingredients.\nStep - 3 : This cocktail is drunk \"cul-dry.\" It feels relatively little alcohol initially because the grenadine is in the glass. After a few seconds, you feel the spiciness of Tabasco.\n'),
 (108,'Cocktail Martini','Step - 1 : Mix the liquids. Cut the lemon into chunks and add it. Serve chilled with ice.\n'),
 (109,'Cocktail Sparkling Strawberry Lime (without alcohol)','Step - 1 : Wash, remove stems fraises.Les mixer.Ajouter put in the lime juice and lemonade and sucre.Mixer.Verser mixer nouveau.Réserver refrigerate until serving time.\nStep - 2 : Here it is finished!\nStep - 3 : Enjoy it!\n'),
 (110,'Citrus cocktail without alcohol','Step - 1 : Measure each of the ingredients and pour into a shaker. Shake well. Pour into a cocktail glass or champagne flute. Repeat the operation for each person.\n'),
 (111,'Citrouillette (champagne cocktail)','Step - 1 : Pour Nouilly Prat in a glass and add Champagne fresh.\nStep - 2 : Taste is excellent.\n'),
 (112,'Cocktail Grand Paradis','Step - 1 : Mix in a shaker cognac and apricot juice.\nStep - 2 : Pour into a glass (tulip type) and fill with champagne.\n'),
 (113,'Cocktail Red Lion','Step - 1 : Fill a shaker with ice, pour the different alcohols. Close and shake strongly few seconds.\nStep - 2 : Serve.\n'),
 (114,'Bacardi Cocktail','Step - 1 : 1. Put the rum, grenadine syrup and lemon juice in a shaker.Shake.\n'),
 (115,'Cocktail Balalaika','Step - 1 : Pour alcohol and lemon juice in a tall glass over ice.\nStep - 2 : Garnish with lemon slices.\n'),
 (116,'Raifortissimo','Step - 1 : Mix the kiwi fruit, add the juices, wasabi and ice cube.\nStep - 2 : Serve in a glass.\n'),
 (117,'Cocktail Cranberry-orange','Step - 1 : Mix the two juices.\nStep - 2 : Add the raspberries and lemon juice.\nStep - 3 : Mix everything pureed.\nStep - 4 : Serve chilled or with ice cubes.\nStep - 5 : Decorate your glasses with a slice of lemon or orange.\nStep - 6 : To your health!\n'),
 (118,'Piña Colada (cocktail)','Step - 1 : Put all ingredients except ice cubes in a blender and run at high speed for about 30 seconds.\nStep - 2 : Put ice cubes in glasses and pour over the cream obtained.\n'),
 (119,'Coconut cocktail lovers','Step - 1 : Pierce the coconut in 3 places on the top, and drain the water inside.\nStep - 2 : Completely fill white rum.\nStep - 3 : Plug the holes by cropping a cork, and seal by pouring wax candle dessus.Ranger standing in the refrigerator for 3 weeks.\n'),
 (120,'Cocktail appetizer','Step - 1 : Mix all ingredients and serve chilled.\n'),
 (121,'Porto Flip','Step - 1 : In a shaker, put alcohol and cane syrup. Then add the spices. Mix with a long spoon.\nStep - 2 : Add egg and ice cubes. Close the shaker and mix.\nStep - 3 : Serve in a cocktail glass, saupodrer a little cinnamon.\nStep - 4 : It can do so only with port too.\n'),
 (122,'Shoot up','Step - 1 : Mix syrup and mangalore.\nStep - 2 : Then fill the glass by fresh carbonated water.\n'),
 (123,'The kiss of Smurfette','Step - 1 : Pour all ingredients in order in a martini glass or cocktail and serve very very cool!\n'),
 (124,'Cocktail Praslin Islands','Step - 1 : The whole is mixed in a bottle.\nStep - 2 : Shaken well for about 20 seconds and put in the fridge for it to be chilled before serving.\nStep - 3 : Serve in tall glasses and cocktail with pretty colored straws.\n'),
 (125,'Arranged with apple rum','Step - 1 : In a bottle, mix 25 cl dark rum with a liter of apple juice and complete with a shot of sugar cane.\nStep - 2 : Flavored with cinnamon or other according to your tastes, then let stand at least one day for the maceration is complete.\n'),
 (126,'Gin fizz easy','Step - 1 : Put all ingredients in a shaker and shake vigorously until the walls of the shaker to fog.\nStep - 2 : Pour the contents of the shaker into the two glasses with soda water and then lie down.\nStep - 3 : Serve chilled with crushed ice, a straw and a slice of lime.\n'),
 (127,'Cider cocktail','Step - 1 : Mix cassis and Cointreau.\nStep - 2 : Keep cool all ingredients.\nStep - 3 : At the last minute add the cider.\n'),
 (128,'Planter\'s Punch','Step - 1 : Pour the rum, grenadine and lemon juice into a mixing glass filled with ice cubes.\nStep - 2 : Shake well.\nStep - 3 : Strain into a highball glass filled with ice cubes.\nStep - 4 : Add the grenadine.\n'),
 (129,'Coconut cocktail','Step - 1 : Put everything in a blender and enjoy.\n'),
 (130,'Walnut cocktail coconut coffee','Step - 1 : Place ingredients in a shaker. Shake vigorously by firmly with both hands the shaker and plugs.\nStep - 2 : Pour into pretty glasses cocktail.Décorer this preparation hazelnut powder.\n'),
 (131,'Rinse drops (cocktail)','Step - 1 : In a large bowl, start by putting the creme de cassis, then add the brandy and finally the bottle of cider.\nStep - 2 : Add last ice for the drink fresh.\n'),
 (132,'Cocktail MAP','Step - 1 : Put the flutes in the freezer.\nStep - 2 : Squeeze the grapefruit or open the bottle or carton ...\nStep - 3 : Pour one third martini, two thirds grapefruit juice 1 dash Angostura.\nStep - 4 : For the decoration: put a twist on each glass bread with poppy seeds and sugar baked golden but steeped in love and of course ... MAP\n'),
 (133,'Mojito with Basil','Step - 1 : Cut a slice of Lime and settle to the bottom of the glass cocktail.Mettre ice in a clean cloth, and mash with a marteau.Couper basil leaves into small pieces and mix with ice pilée.Remplir glass crushed / basil ice cream 2 tiers.Ajouter 5 cl of rum, 5 cl of liquid cane sugar and the juice of the remaining lime, then fill with water gazeuse.Saupoudrer brown sugar.\n'),
 (134,'Cocktail orchard','Step - 1 : In a large cocktail glass, install the 3 ice cubes.\nStep - 2 : Pour each ingredient in the order listed above.\nStep - 3 : Mix well and enjoy!\n'),
 (135,'Cocktail Pomenas','Step - 1 : Pour the juice into a jug, add the raspberries to give color and ice to cool.\nStep - 2 : Serve chilled.\n'),
 (136,'Cocktail KidiCana','Step - 1 : Chop the lemongrass.\nStep - 2 : Place all ingredients in a shaker.\nStep - 3 : Add half of crushed ice.\nStep - 4 : Shake and pour into a glass filled the rest of crushed ice.\nStep - 5 : To your health!\n'),
 (137,'Cocktail paradise','Step - 1 : Gather the ingredients, except the Pisang ambon in a shaker. Hit.\nStep - 2 : Pour into a cocktail glass, then add Pisang.\nStep - 3 : Serve chilled.\n'),
 (138,'Cava Cocktail Vodka Lemon','Step - 1 : Mix the vodka and lime syrup.\nStep - 2 : Pour Cava in a flute.\nStep - 3 : Gently stir the mixture vodka lime.\nStep - 4 : Garnish with lime zest.\n'),
 (139,'Aperol Spritz: Italian sparkling cocktail','Step - 1 : Prepare the desired amount of cocktail in the proportions!\nStep - 2 : Top with ice and a piece of orange (blood if possible).\nStep - 3 : Health!\n'),
 (140,'Limoncello cocktail','Step - 1 : Pour the dark rum in the glass.\nStep - 2 : Press the 2 oranges and add the juice rum.\nStep - 3 : Add the line of Limoncello, stir and add a few ice cubes.\nStep - 4 : It\'s ready!\n'),
 (141,'Cuban Mojito','Step - 1 : In a medium sized glass (capacity 40 cl), put 3 teaspoons of sugar.\nStep - 2 : Add the juice of 1/2 lime.\nStep - 3 : Cut into 3 or 4 your sprig of mint and put it in the glass (the fact of the cut allows the flavor of the mint better spread).\nStep - 4 : Add a little soda water (about 3 cl) and then with a teaspoon, mix well and crush the mint (insist on branches than on the leaves, otherwise there will be full of little bits of mint rather unpleasant at the time to enjoy your cocktail!).\nStep - 5 : Add about 5 ice cubes.\nStep - 6 : Then pour 6 cl Rum (by paying the mean flow). For the dose rather loaded, count to 5, for the light dose to 4.\nStep - 7 : Finally, fill with soda water.\n'),
 (142,'Delicious tropical cocktail','Step - 1 : For 1 glass:\nStep - 2 : $ 5 cl Malibu, then add 1/3 grapefruit, 1/3 orange and 1/3 pineapple, then add a dash of lemon juice 1 dash grenadine for decoration.\n'),
 (143,'Cocktail champanisé','Step - 1 : In a large bowl, pour Cointreau, lemon juice with the pulp and sugar syrup cane.\nStep - 2 : Pour sparkling last.\nStep - 3 : Add ice.\nStep - 4 : Serve in glasses cool (the ideal is to refrigerate before).\n'),
 (144,'Negroni Cocktail','Step - 1 : Combine ingredients in a highball glass (tumbler) and serve.\n'),
 (145,'Cocktail fruit juice for children','Step - 1 : Put the apple juice and pineapple juice in a tall glass and mix.\nStep - 2 : Add sugar and stir again, then add ice.\nStep - 3 : To 5 minutes in the fridge.\nStep - 4 : When serving, put the slices of pineapple and apples on the edge of the glass for decoration.\n'),
 (146,'Creole cream (cocktail)','Step - 1 : Pour the rum, vermouth, lemon juice and grenadine.\n'),
 (147,'Fruit cocktail with lime','Step - 1 : Pour 10 cl of coconut milk 20 cl of multivitamin juice in a shaker.\nStep - 2 : Add a teaspoon of lime juice and a few ice cubes.\nStep - 3 : Mix well and serve in a glass cockail; decorate with a slice of lime.\n'),
 (148,'White russian cocktail','Step - 1 : Put in a blender 20 cl cream coffee, vodka 30 cl and 30 cl of milk.\nStep - 2 : Add ice cubes and blend a few seconds so that the milk foam.\nStep - 3 : Enjoy this chilled cocktail!\n'),
 (149,'Margarita','Step - 1 : Rum the rim of a cocktail glass with lime juice, and dip in salt.\nStep - 2 : Shake all ingredients with ice, strain into the glass, and serve.\n'),
 (150,'Rainbow','Step - 1 : Recipe for 10 glasses. Pour grenadine in a shaker, fill the shaker with ice 2/3, pour the vodka, pour the orange juice. Finish filling the shaker with ice cubes. Carefully pour the curacao, to not mix, pour the mixture into glasses lined all without stopping.\nStep - 2 : Serve in glasses type\nStep - 3 : The color of the contents of each glass will be different by creating a beautiful visual effect gradient type arc-en-ciel a glass to another. Also called Rainbow Shot or Double Rainbow.\n'),
 (151,'Cocktail Sundays snow','Step - 1 : To the bottom of a pretty glass, raspberries and syrup.\nStep - 2 : Add orange juice and grapefruit hurry.\nStep - 3 : Serve chilled and watch the snow through the window, wondering if, indeed, it will come out today.\n'),
 (152,'Ginger cosmo','Step - 1 : This recipe is prepared in a shaker and pestle.\nStep - 2 : Peel the ginger and crush coarsely. The pound in the bottom of the shaker to bring out the maximum juice.\nStep - 3 : Add remaining ingredients with ice, close the shaker and shaker for at least 10 seconds.\nStep - 4 : Pour into a cocktail glass martini kind filtering well.\n'),
 (153,'Pink cocktail whiskey','Step - 1 : 1. Mix the raspberries with cream and 15 ml water glacée.Répartissez the mixture in glasses.\nStep - 2 : 2. Add a dash of whiskey and sprinkle with pistachios concassées.Décorez a rod coriander and keep cool until ready to serve.\n'),
 (154,'Cocktail grapefruit mint','Step - 1 : Remove grapefruit juice, pour the juice into the blender, add the remaining ingredients and mix everything!\n'),
 (155,'Fruit cocktail','Step - 1 : Peel and cut the fruit into pieces.\nStep - 2 : Put them in the blender (or any other container cocktail) and mix everything, adding water little by little, until the desired consistency (I like it when it\'s a bit thick) .\nStep - 3 : Then add the vanilla sugar and brown sugar, to taste.\nStep - 4 : Mix one last time for the sugar fits well to the mixture.\nStep - 5 : Chill for an hour and enjoy!\n'),
 (156,'Champagne cocktail mint lime','Step - 1 : Put in a glass of ice at will. Add cut in half and full sheet for decoration. Join lime juice and Champagne overwhelm. Let stand 2 minutes time as flavor goes. Then enjoy!\n'),
 (157,'Bloody mary','Step - 1 : Combine tomato juice, vodka, lemon juice\nStep - 2 : Season with celery salt, pepper and tabasco if you want\n'),
 (158,'Tequila sunrise','Step - 1 : Pour tequila in a highball glass with ice, and top with orange juice\nStep - 2 : Stir\nStep - 3 : Add grenadine by tilting glass and pouring grenadine down side by flipping the bottle vertically very quickly\n'),
 (159,'Cocktail drink with raspberries','Step - 1 : Mix white wine, sparkling wine and sugar.\nStep - 2 : Add frozen raspberries ...\nStep - 3 : Taste very fresh ...\n'),
 (160,'Cocktail cardinal','Step - 1 : In a shaker, fill with ice moitié.Verser ingredients.\nStep - 2 : Hit.\nStep - 3 : Serve in a cocktail glass and add lemon zest.\n'),
 (161,'Cocktail anapomise','Step - 1 : Mix all ingredients and serve chilled.\n'),
 (162,'Daiquiri','Step - 1 : Pour the rum, lime juice and sugar syrup into a cocktail shaker with ice cubes.\nStep - 2 : Shake well.\nStep - 3 : Strain into a chilled cocktail glass.\n'),
 (163,'Sangria without alcohol','Step - 1 : Mix syrup and juices in a big container.\nStep - 2 : Add cuted season fruits.\nStep - 3 : Put it in the refrigerator for 4 hours before serving\n'),
 (164,'Cocktail Tropical Sunshine','Step - 1 : Pour the juice chilled fruit and blackcurrant syrup in a large glass.\nStep - 2 : Add a few ice cubes and sprinkle with shredded coconut.\n'),
 (165,'Light cocktail martini','Step - 1 : Pour the martini into a large pitcher, add sugar and melt.\nStep - 2 : Mix and chill at least 4 hours (overnight is better).\nStep - 3 : When ready to serve, pour the soda bottle.\n'),
 (166,'Screwdriver','Step - 1 : In a glass, mix ingredients together\n'),
 (167,'Italian prosecco cocktail','Step - 1 : Mix ingredients just before serving.\nStep - 2 : Pour into tall glasses.\nStep - 3 : Possibly prepare a skewer with a cherry and lychee per person.\n'),
 (168,'Virevoltage','Step - 1 : In a cocktail glass filled with ice cubes, put the Malibu and Soho.\nStep - 2 : Fill half glass of pineapple juice and half apple juice, add a drop of strawberry syrup or grenadine.\nStep - 3 : Serve chilled.\nStep - 4 : Cokctail good at all!\n'),
 (169,'Lemon-mint cocktail (without alcohol)','Step - 1 : Place in a shaker, with ice, mint syrup, sugar syrup, and lemon juice. Shake well.\nStep - 2 : Pour into a glass, garnish with a sprig of mint and a slice of lemon.\n'),
 (170,'Champagne cocktail and sake','Step - 1 : In a champagne flute, pour 4 cl sake and fill with Champagne.\nStep - 2 : Add a sprig of cilantro glass.\nStep - 3 : To your health.\n'),
 (171,'Frosty lime','Step - 1 : Mix the sorbet with the juice and the syrup.\nStep - 2 : Serve in a glass with fresh mint decoration\n'),
 (172,'Cocktail Saltwater','Step - 1 : In a large bowl mix the triple sec, curacao, the pulco lemon, orange pulco and sugar cane.\nStep - 2 : Then add bottles of sparkling fresh well.\nStep - 3 : Serve immediately.\n'),
 (173,'Grand Marnier sour (cocktail)','Step - 1 : In a shaker put Grand Marnier and lemon juice, and serve hit dan a large cocktail glass\n'),
 (174,'Amber apple cocktail','Step - 1 : Cut an apple into thin slices and sprinkle with lemon juice. Book.\nStep - 2 : 6 Put ice in your shaker, pour 10 cl apple juice 5 cl and 10 cl calvados crème de cassis.\nStep - 3 : Shake for 10 seconds.\nStep - 4 : Divide into 4 cocktail glasses, then fill with champagne.\nStep - 5 : Decorate blackcurrant, apple and pineapple.\n'),
 (175,'Caïpirinha','Step - 1 : In a large rocks glass squeeze and drop in 2 eighths of lime.\nStep - 2 : Add sugar, crush and mix with a spoon.\nStep - 3 : Pour in the cachaca and plenty of ice.\nStep - 4 : Stir well.\n'),
 (176,'Whisky Cocktail Cranberries','Step - 1 : Just mix everything and ... Cheers!\n'),
 (177,'Aquarium','Step - 1 : Mixing in a transparent container, resembling as much as possible in an aquarium, if you do not! Mix.\nStep - 2 : Add ice cubes, and place in the fridge.\nStep - 3 : Decorate your container, incorporating elements of decoration.\nStep - 4 : The aquarium should be surprising indeed! Proportions are adapted according to the number of people.\nStep - 5 : This cocktail normally drink through a straw.\n'),
 (178,'Melon cocktail bubbles','Step - 1 : Remove the seeds of melons and melon mix.\nStep - 2 : Squeeze the lemon.\nStep - 3 : Mix it with sparkling wine, then add ice cubes and sweeten to taste.\nStep - 4 : Serve immediately.\n'),
 (179,'Le vandetta','Step - 1 : Wash and hull the strawberries\nStep - 2 : Mix all the ingredients and serve in a glass quickly\n'),
 (180,'Pink 3x6 (cocktail)','Step - 1 : Press three limes and three lemons, put the juice in a bowl.\nStep - 2 : Add the juice of raspberry and pink grapefruit.\nStep - 3 : Pour three tablespoons of rose syrup.\nStep - 4 : Mix and keep preparing fresh.\nStep - 5 : Just before serving, pour the lemonade well and add ice cubes.\n'),
 (181,'Mojito','Step - 1 : Place mint leaves, the sugar, and the cubed lemon into a glass.\nStep - 2 : Use a muddler to crush the mint and lime to release the mint oils and lime juice.\nStep - 3 : Fill the glass almost to the top with ice.\nStep - 4 : Pour the rum over the ice, and fill the glass with carbonated water.\n'),
 (182,'Cocktail Pomabricotine','Step - 1 : Mix all ingredients, chill and add fresh sparkling water at the last moment to keep the bubbly.\n'),
 (183,'EssaiCCC','Step - 1 : {{Preparation|text=* Preparation text\n'),
 (184,'Baywatch (cocktail of the colors of the famous swimwear ... or almost)','Step - 1 : Mix all ingredients together in a large pitcher.\nStep - 2 : Place in the fridge at least 3 hours before serving.\nStep - 3 : Clink clink!\n'),
 (185,'Bora bora','Step - 1 : Make this recipe in a shaker. Serve in a glass over ice with a slice of orange.\n'),
 (186,'Cocktail de fruits','Step - 1 : Peel and cut the fruit into pieces.\nStep - 2 : Put them in the blender (or any other container cocktail) and mix everything, adding water little by little, until the desired consistency (I like it when it\'s a bit thick) .\nStep - 3 : Then add the vanilla sugar and brown sugar, to taste.\nStep - 4 : Mix one last time for the sugar fits well to the mixture.\nStep - 5 : Chill for an hour and enjoy!\n'),
 (187,'Cocktail latte','Step - 1 : In a shaker, pour all ingredients 2 ice cubes. (Spreading other ice cubes in the glass). Shake the shaker until the ice is melted quasimment.\nStep - 2 : Pour into a large glass or flared to obtain a creamy foam.\n'),
 (188,'Cocktail kumquat and lychee','Step - 1 : Mix all the fruit in a blender and water until blended.\nStep - 2 : Add a liter of lemonade.\nStep - 3 : Refrigerate 1 hour.\n'),
 (189,'Mexican cocktail in my way','Step - 1 : Combine guava juice and pineapple.\nStep - 2 : Add tequila and apple juice.\nStep - 3 : Mix.\nStep - 4 : Add the vanilla sugar and shake until the sugar is melted.\nStep - 5 : Chop the mint leaves and incorporate cocktail.\nStep - 6 : Reserve in the fridge for 12-24 hours.\nStep - 7 : Attention alcohol tequila fades quickly.\nStep - 8 : We do feel almost at the end of 48 hours, so do not prepare too soon.\nStep - 9 : Filter the mixture and serve chilled.\n'),
 (190,'Fraisalia cocktail (without alcohol)','Step - 1 : Place in a bowl chopped strawberries, orange juice and strawberry syrup.\nStep - 2 : Refrigerate at least 2 hours.\nStep - 3 : When ready to serve, add the lemonade and ice cubes.\n'),
 (191,'Sweet pink cocktail','Step - 1 : Pour into the bowl of a mixer raspberries and lemon juice. Mix for fine grout.\nStep - 2 : Chill a cocktail shaker with ice 6. Discard the water and then turn 2 ice cubes, raspberry filtered grape juice and orange juice.\nStep - 3 : Add 10 seconds, then pour into 4 tall glasses.\nStep - 4 : Fill with Schweppes.\nStep - 5 : Decorate with berries.\n'),
 (192,'Red cocktail','Step - 1 : Mix in a glass the following proportions:\nStep - 2 : 40% of lychee liqueur\nStep - 3 : 20% of strawberry liqueur\nStep - 4 : 40% orange juice.\nStep - 5 : And lively aperitif!\n'),
 (193,'Cocktail Sweet Melon','Step - 1 : Cut the flesh from the melon.\nStep - 2 : Squeeze the limes.\nStep - 3 : Pour the juice into a bowl.\nStep - 4 : Add the diced melon and let rest in the fridge for 2 hours.\nStep - 5 : Add sparkling water just before serving.\n'),
 (194,'Champagne cocktail','Step - 1 : Place ingredients directly into a glass champagne flute type in the following order:\nStep - 2 : Soak the piece of angostura sugar, then put it at the bottom of a champagne flute.\nStep - 3 : Gently pour the cognac (it should cover the piece of sugar).\nStep - 4 : Fill with chilled champagne.\n'),
 (195,'Cocktail variant (based rosé)','Step - 1 : mix well\nStep - 2 : Very cool drink\n'),
 (196,'Double show','Step - 1 : {{Preparation|text=\n'),
 (197,'Hulk (cocktail)','Step - 1 : Mix all the above in a small cup cocktail ingredients.\nStep - 2 : Add an ice cube or two and ... enjoy!\n'),
 (198,'Cocktail mexicanos','Step - 1 : In a beer glass, add a dash of strawberry syrup.\nStep - 2 : Complete with beer, tipping the glass to avoid excessive foaming, and then pour the pineapple juice.\nStep - 3 : Drink very fresh.\n'),
 (199,'Black velvet','Step - 1 : Pour the stout and champain together in a class, being careful to ensure there is no overspill.\n'),
 (200,'Champagne soup (cocktail)','Step - 1 : Pour into a container Cointreau, cane sugar and lemon juice.\nStep - 2 : Soak overnight.\nStep - 3 : Add the Champagne before serving with ice.\n'),
 (201,'Cuba libre','Step - 1 : Squeeze the juice of half a lime into a collins glass.\nStep - 2 : Add ice cubes.\nStep - 3 : Add cola.\nStep - 4 : Stir well.\n'),
 (202,'Tutti cocktail','Step - 1 : Mix in a shaker and add ice.\nStep - 2 : For a small effect, to the strawberry syrup after mixing.\n'),
 (203,'Piña colada','Step - 1 : Pour rum, cream of coconut and pineapple juice into a blender with one cup of crushed ice\nStep - 2 : Blend until smooth\n'),
 (204,'Strawberry Margarita','Step - 1 : Wash and hull strawberries. Put ice cubes in a food processor and mix with strawberries.\nStep - 2 : Squeeze the limes. Put the tequila, Cointreau and lemon juice in a measuring with 2 tablespoons sugar.\nStep - 3 : Mix and pour into a blender with crushed ice and strawberries.\nStep - 4 : Decorate glasses of sugar (wet glasses in lemon juice and then dip them in sugar).\nStep - 5 : Divide cocktail in glasses and health!\n'),
 (205,'Pink cocktail pink grapefruit','Step - 1 : In a large pitcher, pour the grenadine syrup and rose wine and grapefruit juice.\nStep - 2 : Serve chilled.\n'),
 (206,'Bacardi cocktail, grenadine, lemon','Step - 1 : Put the grenadine syrup, lemon juice and Bacardi in a shaker.\nStep - 2 : Strongly shake.\nStep - 3 : Pour into glasses and serve immediately.\n'),
 (207,'MTS Cocktail','Step - 1 : In a large pitcher, combine all ingredients and mix. Let stand one hour in the refrigerator.\nStep - 2 : A taste very fresh.\n'),
 (208,'Madras Cocktail','Step - 1 : Mix orange juice with white wine.\nStep - 2 : Pour into glasses. Add a dash of grenadine.\n');
/*!40000 ALTER TABLE `recipe` ENABLE KEYS */;


--
-- Definition of table `recipe_ing`
--

DROP TABLE IF EXISTS `recipe_ing`;
CREATE TABLE `recipe_ing` (
  `recingId` int(11) NOT NULL AUTO_INCREMENT,
  `recId` int(11) NOT NULL,
  `igId` int(11) NOT NULL,
  `quantity` float DEFAULT NULL,
  `unit` varchar(15) DEFAULT NULL,
  PRIMARY KEY (`recingId`),
  KEY `igId` (`igId`),
  CONSTRAINT `recipe_ing_ibfk_1` FOREIGN KEY (`igId`) REFERENCES `ingredients` (`ingId`)
) ENGINE=InnoDB AUTO_INCREMENT=488 DEFAULT CHARSET=utf8;

--
-- Dumping data for table `recipe_ing`
--

/*!40000 ALTER TABLE `recipe_ing` DISABLE KEYS */;
INSERT INTO `recipe_ing` (`recingId`,`recId`,`igId`,`quantity`,`unit`) VALUES 
 (1,101,201,6,'cl'),
 (2,101,202,2,'cl'),
 (3,101,203,1,''),
 (4,102,204,1,'l'),
 (5,102,205,35,'cl'),
 (6,102,206,35,'l'),
 (7,102,207,20,'cl'),
 (8,102,208,5,''),
 (9,103,209,1,''),
 (10,103,210,1,''),
 (11,103,211,2,''),
 (12,103,208,3,''),
 (13,104,212,450,'g'),
 (14,104,213,75,'cl'),
 (15,104,214,50,'cl'),
 (16,104,204,1,'l'),
 (17,104,210,1,''),
 (18,104,215,225,'cl'),
 (19,105,216,12,'cl'),
 (20,105,217,18,'cl'),
 (21,105,218,10,'cl'),
 (22,105,219,3,'cl'),
 (23,105,220,10,'cl'),
 (24,105,212,10,''),
 (25,106,221,3,'cl'),
 (26,106,216,4,'cl'),
 (27,106,222,2,'cl'),
 (28,106,223,3,'cl'),
 (29,107,219,3,'cl'),
 (30,107,224,1,''),
 (31,107,225,6,'cl'),
 (32,108,226,1,'l'),
 (33,108,227,2,'l'),
 (34,108,210,1,''),
 (35,109,228,400,'g'),
 (36,109,211,2,'tsp'),
 (37,109,229,10,'cl'),
 (38,109,204,30,'cl'),
 (39,110,216,6,'cl'),
 (40,110,207,5,'cl'),
 (41,110,228,2,''),
 (42,111,230,4,'cl'),
 (43,111,220,8,'cl'),
 (44,112,218,1,'cl'),
 (45,112,231,5,'cl'),
 (46,112,220,10,'cl'),
 (47,113,232,2,'cl'),
 (48,113,233,2,'cl'),
 (49,113,234,0.5,'cl'),
 (50,113,235,0.5,'cl'),
 (51,113,208,1,''),
 (52,114,236,24,'cl'),
 (53,114,219,6,'cl'),
 (54,114,207,12,'cl'),
 (55,115,225,4,'cl'),
 (56,115,217,2,'cl'),
 (57,115,207,4,'cl'),
 (58,115,210,1,''),
 (59,115,208,2,''),
 (60,116,237,5,'cl'),
 (61,116,207,3,'cl'),
 (62,116,238,10,'g'),
 (63,116,239,1,''),
 (64,116,208,3,''),
 (65,117,240,25,'cl'),
 (66,117,216,10,'cl'),
 (67,117,212,150,'g'),
 (68,117,210,2,''),
 (69,117,207,1,'csp'),
 (70,118,241,125,'g'),
 (71,118,242,150,'g'),
 (72,118,221,20,'cl'),
 (73,118,201,20,'cl'),
 (74,118,208,0,''),
 (75,119,222,1,''),
 (76,119,201,10,'cl'),
 (77,120,243,2,'l'),
 (78,120,211,200,'g'),
 (79,120,210,2,''),
 (80,120,244,2,''),
 (81,120,236,30,'cl'),
 (82,120,245,1,'bottle'),
 (83,121,246,4,'cl'),
 (84,121,218,2,'cl'),
 (85,121,247,1,''),
 (86,121,248,0,''),
 (87,121,249,0,''),
 (88,121,250,2,''),
 (89,121,208,0,''),
 (90,122,251,1,'cl'),
 (91,122,245,8,'cl'),
 (92,122,252,3,'cl'),
 (93,123,225,2,'cl'),
 (94,123,205,2,'cl'),
 (95,123,204,5,'cl'),
 (96,123,253,5,'cl'),
 (97,124,254,40,'cl'),
 (98,124,221,30,'cl'),
 (99,124,255,20,'l'),
 (100,124,229,10,'cl'),
 (101,124,211,15,'g'),
 (102,125,236,25,'cl'),
 (103,125,237,1,'l'),
 (104,125,213,10,'cl'),
 (105,125,248,0,''),
 (106,126,256,6,'cl'),
 (107,126,203,3,'cl'),
 (108,126,213,1,'tsp'),
 (109,126,245,5,'cl'),
 (110,127,257,9,'cl'),
 (111,127,233,2,'cl'),
 (112,127,217,2,'cl'),
 (113,128,258,4,'cl'),
 (114,128,207,2,'cl'),
 (115,128,216,10,'cl'),
 (116,128,202,2,'cl'),
 (117,128,219,1,'cl'),
 (118,129,225,30,'cl'),
 (119,129,259,1,'l'),
 (120,129,222,2,'l'),
 (121,129,260,30,'g'),
 (122,129,213,10,'cl'),
 (123,129,208,5,''),
 (124,130,241,2,'cl'),
 (125,130,261,2,'cl'),
 (126,130,262,2,'cl'),
 (127,130,263,15,'cl'),
 (128,130,250,1,'cl'),
 (129,130,208,5,''),
 (130,131,264,1,'l'),
 (131,131,218,25,'cl'),
 (132,131,233,25,'cl'),
 (133,131,208,0,''),
 (134,132,265,4,'cl'),
 (135,132,266,1,'cl'),
 (136,132,267,4,'xl'),
 (137,133,201,5,'cl'),
 (138,133,245,10,'cl'),
 (139,133,250,5,'cl'),
 (140,133,268,1,'tsp'),
 (141,133,203,1,''),
 (142,133,269,0,''),
 (143,133,208,0,''),
 (144,134,270,4,'cl'),
 (145,134,271,5,'cl'),
 (146,134,272,12,'cl'),
 (147,134,208,3,''),
 (148,135,267,20,'cl'),
 (149,135,221,20,'cl'),
 (150,135,237,20,'cl'),
 (151,135,212,4,''),
 (152,135,208,4,''),
 (153,136,237,5,'cl'),
 (154,136,273,1,'cl'),
 (155,136,274,1,''),
 (156,136,275,1,''),
 (157,136,208,5,''),
 (158,137,216,10,'cl'),
 (159,137,225,4,'cl'),
 (160,137,276,2,'cl'),
 (161,137,250,2,'cl'),
 (162,138,277,10,'cl'),
 (163,138,225,2,'cl'),
 (164,138,203,2,'cl'),
 (165,138,278,1,''),
 (166,139,279,8,'cl'),
 (167,139,280,5,'cl'),
 (168,139,208,5,''),
 (169,139,281,1,''),
 (170,140,244,2,''),
 (171,140,282,5,'cl'),
 (172,140,283,1,''),
 (173,140,208,0,''),
 (174,141,213,3,''),
 (175,141,203,1,''),
 (176,141,284,1,''),
 (177,141,245,3,'cl'),
 (178,141,236,6,'cl'),
 (179,141,208,2,''),
 (180,142,216,0.25,'cl'),
 (181,142,267,0.25,'cl'),
 (182,142,221,0.25,'cl'),
 (183,142,210,1,''),
 (184,142,241,20,'cl'),
 (185,142,219,5,'cl'),
 (186,143,285,4,'l'),
 (187,143,217,1,'l'),
 (188,143,210,12,''),
 (189,143,250,200,'g'),
 (190,143,208,0,''),
 (191,144,286,3,'cl'),
 (192,144,256,3,'cl'),
 (193,144,266,0.5,'cl'),
 (194,144,287,25,'cl'),
 (195,144,208,0,''),
 (196,144,244,1,''),
 (197,145,221,5,'tsp'),
 (198,145,237,3,'csp'),
 (199,145,208,2,''),
 (200,145,288,1,''),
 (201,145,289,1,''),
 (202,145,290,1,'tsp'),
 (203,146,201,4,'cl'),
 (204,146,291,4,'cl'),
 (205,146,207,2,'cl'),
 (206,146,219,2,'cl'),
 (207,147,261,10,'cl'),
 (208,147,292,20,'cl'),
 (209,147,229,1,'tsp'),
 (210,147,208,0,''),
 (211,147,203,1,''),
 (212,148,225,30,'cl'),
 (213,148,293,20,'cl'),
 (214,148,294,30,'cl'),
 (215,148,208,0,''),
 (216,149,295,5,'cl'),
 (217,149,296,3,'cl'),
 (218,149,229,2,'cl'),
 (219,149,297,0,''),
 (220,150,216,10,'cl'),
 (221,150,225,3,'cl'),
 (222,150,219,3,'cl'),
 (223,150,205,2,'cl'),
 (224,151,212,10,''),
 (225,151,298,2,''),
 (226,151,299,0.5,''),
 (227,151,244,1,''),
 (228,152,275,12,'g'),
 (229,152,225,3,'cl'),
 (230,152,296,2,'cl'),
 (231,152,229,2,'cl'),
 (232,152,240,2,'cl'),
 (233,153,212,400,'g'),
 (234,153,300,6,''),
 (235,153,232,5,'cl'),
 (236,153,223,15,'cl'),
 (237,153,301,20,'g'),
 (238,154,299,1,''),
 (239,154,208,2,''),
 (240,154,268,2,'tsp'),
 (241,154,284,10,''),
 (242,155,302,1,''),
 (243,155,289,1,''),
 (244,155,239,2,''),
 (245,155,303,30,'cl'),
 (246,155,304,15,'g'),
 (247,155,268,15,'g'),
 (248,156,220,10,'cl'),
 (249,156,208,0,''),
 (250,156,229,1,'tsp'),
 (251,156,284,2,''),
 (252,156,305,1,''),
 (253,157,225,4,'cl'),
 (254,157,306,12,'cl'),
 (255,157,207,0.5,'cl'),
 (256,157,307,0.5,'cl'),
 (257,157,224,0,''),
 (258,157,308,0,''),
 (259,157,309,0,''),
 (260,158,295,6,'cl'),
 (261,158,216,12,'cl'),
 (262,158,219,2,'cl'),
 (263,159,310,1,'l'),
 (264,159,285,2,'l'),
 (265,159,212,250,'g'),
 (266,159,211,4,'tsp'),
 (267,160,208,0,''),
 (268,160,286,3,'cl'),
 (269,160,311,3,'cl'),
 (270,160,256,3,'cl'),
 (271,161,312,25,'cl'),
 (272,161,237,25,'cl'),
 (273,161,221,25,'cl'),
 (274,161,313,2,'cl'),
 (275,161,213,2,'cl'),
 (276,162,201,4,'cl'),
 (277,162,229,2,'cl'),
 (278,162,250,1,'cl'),
 (279,162,208,0,''),
 (280,163,314,8,'cl'),
 (281,163,315,100,'cl'),
 (282,163,216,20,'cl'),
 (283,163,207,10,'cl'),
 (284,163,316,0,''),
 (285,164,221,10,'cl'),
 (286,164,216,5,'cl'),
 (287,164,273,2,'cl'),
 (288,164,222,1,'tsp'),
 (289,164,208,0,''),
 (290,165,317,1,'l'),
 (291,165,318,1,'l'),
 (292,165,203,2,''),
 (293,165,284,0,''),
 (294,165,211,2,'tsp'),
 (295,166,225,4,'cl'),
 (296,166,216,12,'cl'),
 (297,167,279,75,'cl'),
 (298,167,319,20,''),
 (299,167,320,30,'cl'),
 (300,167,321,10,'cl'),
 (301,167,204,1,'l'),
 (302,168,241,1,'cl'),
 (303,168,322,1,'cl'),
 (304,168,221,5,'cl'),
 (305,168,237,5,'cl'),
 (306,168,228,2,'cl'),
 (307,169,284,4,'cl'),
 (308,169,213,1,'tsp'),
 (309,169,229,2,'cl'),
 (310,169,207,3,'cl'),
 (311,169,284,1,''),
 (312,169,323,1,''),
 (313,170,220,75,'cl'),
 (314,170,324,16,'cl'),
 (315,170,300,4,''),
 (316,171,203,1,''),
 (317,171,267,2,'cl'),
 (318,171,325,2,'cl'),
 (319,171,284,0,''),
 (320,172,285,4.5,'bottle'),
 (321,172,205,20,'cl'),
 (322,172,296,70,'cl'),
 (323,172,326,35,'cl'),
 (324,172,327,35,'cl'),
 (325,172,213,25,'cl'),
 (326,173,328,3,'cl'),
 (327,173,207,3,'cl'),
 (328,174,289,1,''),
 (329,174,210,1,''),
 (330,174,208,6,''),
 (331,174,237,10,'cl'),
 (332,174,329,5,'cl'),
 (333,174,233,10,'cl'),
 (334,174,220,7,'cl'),
 (335,174,330,0,''),
 (336,174,289,0,''),
 (337,174,288,0,''),
 (338,175,331,4,'cl'),
 (339,175,203,0.5,''),
 (340,175,332,1,'tsp'),
 (341,175,208,1,'c'),
 (342,176,232,3,'cl'),
 (343,176,240,6,'cl'),
 (344,177,205,3,'cl'),
 (345,177,201,3,'cl'),
 (346,177,295,3,'cl'),
 (347,177,226,3,'cl'),
 (348,177,213,10,'g'),
 (349,178,333,2,''),
 (350,178,215,1,'l'),
 (351,178,213,10,'cl'),
 (352,178,210,1,''),
 (353,178,208,0,''),
 (354,179,334,15,'cl'),
 (355,179,335,2,'cl'),
 (356,179,228,2,'cl'),
 (357,179,228,5,''),
 (358,180,203,3,''),
 (359,180,210,3,''),
 (360,180,336,50,'cl'),
 (361,180,267,50,'cl'),
 (362,180,337,3,''),
 (363,180,204,50,'cl'),
 (364,180,208,0,''),
 (365,181,201,6,'cl'),
 (366,181,284,8,''),
 (367,181,203,0.5,''),
 (368,181,211,2,'tsp'),
 (369,181,245,10,'cl'),
 (370,181,208,0,''),
 (371,182,231,45,'cl'),
 (372,182,237,45,'cl'),
 (373,182,245,35,'cl'),
 (374,182,338,3,'cl'),
 (375,182,219,5,'cl'),
 (376,183,210,2,''),
 (377,183,339,3,''),
 (378,183,225,4,''),
 (379,184,241,50,'cl'),
 (380,184,340,50,'cl'),
 (381,184,341,1,'l'),
 (382,184,298,10,''),
 (383,185,221,10,'cl'),
 (384,185,255,6,'cl'),
 (385,185,219,2,'cl'),
 (386,185,207,1,'cl'),
 (387,185,208,3,''),
 (388,186,302,1,''),
 (389,186,289,1,''),
 (390,186,239,2,''),
 (391,186,303,30,'cl'),
 (392,186,304,1,'tsp'),
 (393,186,342,3,'tsp'),
 (394,187,343,4,'cl'),
 (395,187,232,4,'cl'),
 (396,187,259,30,'cl'),
 (397,187,213,2,'cl'),
 (398,187,208,4,''),
 (399,188,344,5,''),
 (400,188,319,5,''),
 (401,188,345,1,''),
 (402,188,244,0.5,''),
 (403,188,303,1,'l'),
 (404,188,204,1,'l'),
 (405,189,295,40,'cl'),
 (406,189,341,1,'l'),
 (407,189,221,1,'l'),
 (408,189,237,30,'cl'),
 (409,189,304,15,'g'),
 (410,189,284,3,''),
 (411,190,228,500,'g'),
 (412,190,216,50,'cl'),
 (413,190,346,10,'cl'),
 (414,190,204,2,'l'),
 (415,190,208,10,''),
 (416,191,212,150,'g'),
 (417,191,210,1,''),
 (418,191,208,8,''),
 (419,191,315,10,'cl'),
 (420,191,216,15,'cl'),
 (421,191,347,10,'cl'),
 (422,191,348,0,''),
 (423,192,349,2,'cl'),
 (424,192,346,2,'cl'),
 (425,192,350,10,'cl'),
 (426,192,225,4,'cl'),
 (427,193,333,1,''),
 (428,193,203,2,''),
 (429,193,216,1,'l'),
 (430,193,221,1,'l'),
 (431,193,280,1,'l'),
 (432,194,268,1,'tsp'),
 (433,194,266,3,''),
 (434,194,218,1,'cl'),
 (435,194,220,8,'cl'),
 (436,195,351,5.33,'l'),
 (437,195,327,0.66,'l'),
 (438,195,216,4,'l'),
 (439,196,256,6,'cl'),
 (440,196,216,10,'cl'),
 (441,196,325,2,'cl'),
 (442,196,271,2,'cl'),
 (443,197,265,7,'cl'),
 (444,197,352,5,'cl'),
 (445,197,267,6,'cl'),
 (446,198,353,12,'cl'),
 (447,198,221,12,'cl'),
 (448,198,346,3,'cl'),
 (449,199,354,12,'cl'),
 (450,199,220,12,'cl'),
 (451,200,217,8,'cl'),
 (452,200,213,16,'cl'),
 (453,200,203,2,''),
 (454,200,208,1,''),
 (455,200,220,75,'cl'),
 (456,201,201,6,'cl'),
 (457,201,203,0.5,''),
 (458,201,355,15,'cl'),
 (459,202,346,2,'cl'),
 (460,202,356,2,'cl'),
 (461,202,225,4,'cl'),
 (462,202,289,4,'cl'),
 (463,202,208,5,''),
 (464,203,201,4,'cl'),
 (465,203,282,2,'cl'),
 (466,203,221,12,'cl'),
 (467,203,261,4,'cl'),
 (468,203,357,1,'c'),
 (469,204,208,0,''),
 (470,204,203,2,''),
 (471,204,228,1,''),
 (472,204,295,20,'cl'),
 (473,204,217,12,'cl'),
 (474,204,211,2,'tsp'),
 (475,205,351,75,'cl'),
 (476,205,267,30,'cl'),
 (477,205,219,5,'cl'),
 (478,206,236,24,'cl'),
 (479,206,219,6,'cl'),
 (480,206,207,12,'cl'),
 (481,207,226,50,'cl'),
 (482,207,296,25,'cl'),
 (483,207,250,25,'cl'),
 (484,207,292,50,'cl'),
 (485,208,216,40,'cl'),
 (486,208,310,20,'cl'),
 (487,208,219,5,'cl');
/*!40000 ALTER TABLE `recipe_ing` ENABLE KEYS */;




/*!40101 SET SQL_MODE=@OLD_SQL_MODE */;
/*!40014 SET FOREIGN_KEY_CHECKS=@OLD_FOREIGN_KEY_CHECKS */;
/*!40014 SET UNIQUE_CHECKS=@OLD_UNIQUE_CHECKS */;
/*!40101 SET CHARACTER_SET_CLIENT=@OLD_CHARACTER_SET_CLIENT */;
/*!40101 SET CHARACTER_SET_RESULTS=@OLD_CHARACTER_SET_RESULTS */;
/*!40101 SET COLLATION_CONNECTION=@OLD_COLLATION_CONNECTION */;
/*!40101 SET CHARACTER_SET_CLIENT=@OLD_CHARACTER_SET_CLIENT */;
